"Reference","Value","Datasheet","Footprint","Qty","Description"
"C4,C5,C40,C43,C44,C47,C48,C50,C51,C52,C59,C80","4u7 X7R 100V","","Capacitor_SMD:C_1210_3225Metric_Pad1.33x2.70mm_HandSolder","12","Unpolarized capacitor"
"C6,C33,C38,C49,C58","100n X7R 100V","","Capacitor_SMD:C_0603_1608Metric_Pad1.08x0.95mm_HandSolder","5","Unpolarized capacitor"
"C7,C10,C15,C17,C20,C24,C31,C41,C79","1u X5R 25V","","Capacitor_SMD:C_0603_1608Metric","9","Unpolarized capacitor"
"C9,C18,C19,C21,C22,C23,C32,C60,C61,C62,C65,C66,C67,C70,C72,C77,C78,C81","100n X7R 50V","","Capacitor_SMD:C_0402_1005Metric","18","Unpolarized capacitor"
"C11,C12,C13,C14,C16","22u X5R 16V","","Capacitor_SMD:C_0805_2012Metric","5","Unpolarized capacitor"
"C25,C26,C27,C42","2n2 X7R 50V","","Capacitor_SMD:C_0402_1005Metric","4","Unpolarized capacitor"
"C28,C29","12pF 50V C0G","","Capacitor_SMD:C_0402_1005Metric","2","Unpolarized capacitor"
"C30,C68","47n X7R 100V","","Capacitor_SMD:C_0603_1608Metric_Pad1.08x0.95mm_HandSolder","2","Unpolarized capacitor"
"C34,C37,C39","100uF 100V","https://cdn.sparkfun.com/assets/8/a/4/a/5/Kemet_Capacitor_Datasheet.pdf","Capacitor_THT:CP_Radial_D10.0mm_P5.00mm","3","Polarized capacitor, US symbol"
"C73,C74,C75,C76","1n X7R 1kV","","Capacitor_SMD:C_0603_1608Metric_Pad1.08x0.95mm_HandSolder","4","Unpolarized capacitor"
"D1","SMCJ51CA","https://www.tme.eu/Document/535c4da69331b5e4fe2b7f8cdcd9eb69/SMCJ_ser.pdf","PCM_Diode_SMD_AKL:D_SMC_TVS","1","SMC Bidirectional TVS Diode, 51V, 1500W, Alternate KiCAD Library"
"D4,D7","PESD2CANFD24V-K","","PESD2CANFD24V-UX:TVS_PESD2CANFD24V-UX","2","ESD Suppressor Diode TVS Bi-Dir 24V 42Vc Automotive 3-Pin SC-70 T/R"
"DZ2,DZ3","MM3Z3V3ST","https://www.tme.eu/Document/59602a643d19bb5d35c4e4c7d37742b4/MM3ZxxxST1G_SZMM3ZxxxST1G.pdf","PCM_Diode_SMD_AKL:D_SOD-323","2","SOD-323 Zener diode, 3.3V, 300mW, Alternate KiCAD Library"
"J1,J3,J4,J5","Conn_01x04_MountingPin","","Connector_JST:JST_GH_BM04B-GHS-TBT_1x04-1MP_P1.25mm_Vertical","4","Generic connectable mounting pin connector, single row, 01x04, script generated (kicad-library-utils/schlib/autogen/connector/)"
"J6","Conn_01x07_MountingPin","","Connector_JST:JST_GH_BM07B-GHS-TBT_1x07-1MP_P1.25mm_Vertical","1","Generic connectable mounting pin connector, single row, 01x07, script generated (kicad-library-utils/schlib/autogen/connector/)"
"J7","Conn_01x05","","Connector_PinHeader_2.54mm:PinHeader_1x05_P2.54mm_Vertical","1","Generic connector, single row, 01x05, script generated (kicad-library-utils/schlib/autogen/connector/)"
"J10,J11","Conn_01x02_MountingPin","","Connector_JST:JST_GH_BM02B-GHS-TBT_1x02-1MP_P1.25mm_Vertical","2","Generic connectable mounting pin connector, single row, 01x02, script generated (kicad-library-utils/schlib/autogen/connector/)"
"L2","10uH 125mΩ 3.2A","","Inductor_SMD:L_Changjiang_FXL0530","1","Inductor"
"LED1,LED3,LED4","LED_0603_Amber","","PCM_LED_SMD_AKL:LED_0603_1608Metric","3","Amber SMD LED, 0603, Alternate KiCad Library"
"Q3,Q4,Q5,Q6,Q7,Q8","ISC030N10NM6","","ISC030N10NM6:IFX-PG-TDSON-8-36-V","6","Insulated-Gate Field-Effect Transistor (IGFET), N-Channel, Enhancement, Body Diode, Pin 1 Source, 2 Source, 3 Source, 4 Gate, 5 Drain, 6 Drain, 7 Drain, 8 Drain, 8 Pins"
"R10,R72","24.9k 1%","","Resistor_SMD:R_0402_1005Metric","2","Resistor"
"R11,R17,R18,R38,R40","10k 1%","","Resistor_SMD:R_0402_1005Metric","5","Resistor"
"R12,R16,R19","100k 1%","","Resistor_SMD:R_0402_1005Metric","3","Resistor"
"R13,R14,R15","56R 1%","","Resistor_SMD:R_0402_1005Metric","3","Resistor"
"R20,R21,R25,R26,R30,R31,R58","0R 1% 1/8W","","Resistor_SMD:R_0805_2012Metric,Resistor_SMD:R_0805_2012Metric_Pad1.20x1.40mm_HandSolder","7","Resistor"
"R22,R27,R32","3mΩ 3W 1%","","Resistor_SMD:R_2512_6332Metric_Pad1.40x3.35mm_HandSolder","3","Resistor"
"R36,R39,R42,R44","2k 1%","","Resistor_SMD:R_0402_1005Metric","4","Resistor"
"R37","10k NTC","https://www.murata.com/-/media/webrenewal/products/thermistor/ntc/ncp/ncp18.ashx?la=ja-jp&cvid=20211118090222000000","PCM_SparkFun-Resistor:R_0603_1608Metric","1","Temperature dependent resistor"
"R41,R62,R65,R66","1k 1%","","Resistor_SMD:R_0402_1005Metric","4","Resistor"
"R45,R46","60R4 1%","","Resistor_SMD:R_0805_2012Metric","2","Resistor"
"R47,R48,R49,R50,R51,R52,R53,R54","100R 1%","","Resistor_SMD:R_0402_1005Metric","8","Resistor"
"R73","12.4k 1%","","Resistor_SMD:R_0402_1005Metric","1","Resistor"
"SW1","SW_Push_DPDT","","PCM_SparkFun-Switch:Slide_DPDT_SMD_7.2x3.5mm","1","Momentary Switch, dual pole double throw"
"U1","AS5047P-ATSM","AS5047P-ATSM","TSSOP14_OSM","1",""
"U3","LMR36520ADDAR","https://www.ti.com/lit/gpn/lmr36520","DDA0008J","1",""
"U5","STM32G431RBTx","https://www.st.com/resource/en/datasheet/stm32g431rb.pdf","Package_QFP:LQFP-64_10x10mm_P0.5mm","1","STMicroelectronics Arm Cortex-M4 MCU, 128KB flash, 32KB RAM, 170 MHz, 1.71-3.6V, 52 GPIO, LQFP64"
"U6","DRV8323SRTAR","https://www.ti.com/lit/gpn/drv8323","RTA0040B","1",""
"U7","TLV75733PDRV","https://www.ti.com/lit/ds/symlink/tlv757p.pdf","PCM_SparkFun-Semiconductor-Standard:WDFN-6_2x2mm","1","1A Low IQ Small Size Low Dropout Voltage Regulator, Fixed Output 3.3V, WSON6"
"U8","TCAN1044AVDRQ1","https://www.ti.com/lit/gpn/tcan1044a-q1","D0008A-IPC_A","1",""
"X1","SMD3225-4","","PCM_Crystal_AKL:Crystal_SMD_3225-4Pin_3.2x2.5mm","1","SMD Quartz crystal, 4 terminals, 3.2mm x 2.5mm, Alternate KiCad Library"
